{
  "GET /api/v1/health" : {
    "transaction" : "GET /api/v1/health",
    "sampleCount" : 100,
    "errorCount" : 0,
    "errorPct" : 0.0,
    "meanResTime" : 5.470000000000003,
    "medianResTime" : 5.0,
    "minResTime" : 3.0,
    "maxResTime" : 34.0,
    "pct1ResTime" : 7.0,
    "pct2ResTime" : 7.0,
    "pct3ResTime" : 33.77999999999989,
    "throughput" : 10.991426687183996,
    "receivedKBytesPerSec" : 1.7603456803693118,
    "sentKBytesPerSec" : 1.6744751593756868
  },
  "POST /academico/asignar-clase" : {
    "transaction" : "POST /academico/asignar-clase",
    "sampleCount" : 30,
    "errorCount" : 30,
    "errorPct" : 100.0,
    "meanResTime" : 37.13333333333333,
    "medianResTime" : 17.5,
    "minResTime" : 13.0,
    "maxResTime" : 205.0,
    "pct1ResTime" : 181.60000000000034,
    "pct2ResTime" : 201.15,
    "pct3ResTime" : 205.0,
    "throughput" : 1.6834072162056002,
    "receivedKBytesPerSec" : 0.473458279557825,
    "sentKBytesPerSec" : 0.4959804268840132
  },
  "DELETE /academico/asignaciones/{id}" : {
    "transaction" : "DELETE /academico/asignaciones/{id}",
    "sampleCount" : 30,
    "errorCount" : 30,
    "errorPct" : 100.0,
    "meanResTime" : 8.766666666666667,
    "medianResTime" : 8.0,
    "minResTime" : 7.0,
    "maxResTime" : 13.0,
    "pct1ResTime" : 12.0,
    "pct2ResTime" : 12.45,
    "pct3ResTime" : 13.0,
    "throughput" : 1.70261066969353,
    "receivedKBytesPerSec" : 0.5254150113507378,
    "sentKBytesPerSec" : 0.33919196935300794
  },
  "POST /vehiculos" : {
    "transaction" : "POST /vehiculos",
    "sampleCount" : 50,
    "errorCount" : 0,
    "errorPct" : 0.0,
    "meanResTime" : 22.760000000000005,
    "medianResTime" : 20.0,
    "minResTime" : 15.0,
    "maxResTime" : 135.0,
    "pct1ResTime" : 25.0,
    "pct2ResTime" : 27.0,
    "pct3ResTime" : 135.0,
    "throughput" : 1.7106883810045164,
    "receivedKBytesPerSec" : 0.542943089674285,
    "sentKBytesPerSec" : 0.5178841778431641
  },
  "POST /academico/cursos" : {
    "transaction" : "POST /academico/cursos",
    "sampleCount" : 30,
    "errorCount" : 1,
    "errorPct" : 3.3333333,
    "meanResTime" : 27.6,
    "medianResTime" : 20.0,
    "minResTime" : 15.0,
    "maxResTime" : 139.0,
    "pct1ResTime" : 27.0,
    "pct2ResTime" : 129.64999999999998,
    "pct3ResTime" : 139.0,
    "throughput" : 1.563966218329684,
    "receivedKBytesPerSec" : 0.4075883315087061,
    "sentKBytesPerSec" : 0.3961844111667188
  },
  "Total" : {
    "transaction" : "Total",
    "sampleCount" : 700,
    "errorCount" : 101,
    "errorPct" : 14.428572,
    "meanResTime" : 20.451428571428547,
    "medianResTime" : 9.0,
    "minResTime" : 3.0,
    "maxResTime" : 261.0,
    "pct1ResTime" : 28.0,
    "pct2ResTime" : 103.0,
    "pct3ResTime" : 148.99,
    "throughput" : 23.860653781913623,
    "receivedKBytesPerSec" : 717.732626727767,
    "sentKBytesPerSec" : 4.644239249923305
  },
  "GET /academico/asignaciones (list)" : {
    "transaction" : "GET /academico/asignaciones (list)",
    "sampleCount" : 30,
    "errorCount" : 0,
    "errorPct" : 0.0,
    "meanResTime" : 9.133333333333333,
    "medianResTime" : 8.0,
    "minResTime" : 6.0,
    "maxResTime" : 18.0,
    "pct1ResTime" : 12.0,
    "pct2ResTime" : 16.349999999999998,
    "pct3ResTime" : 18.0,
    "throughput" : 1.7016449234259785,
    "receivedKBytesPerSec" : 0.4222538818774816,
    "sentKBytesPerSec" : 0.3074260847986387
  },
  "GET /academico/disponibilidad" : {
    "transaction" : "GET /academico/disponibilidad",
    "sampleCount" : 200,
    "errorCount" : 0,
    "errorPct" : 0.0,
    "meanResTime" : 9.640000000000004,
    "medianResTime" : 8.0,
    "minResTime" : 5.0,
    "maxResTime" : 124.0,
    "pct1ResTime" : 12.0,
    "pct2ResTime" : 13.949999999999989,
    "pct3ResTime" : 38.97000000000003,
    "throughput" : 10.407451735442576,
    "receivedKBytesPerSec" : 9.267307267003176,
    "sentKBytesPerSec" : 1.9005795649685175
  },
  "GET /vehiculos" : {
    "transaction" : "GET /vehiculos",
    "sampleCount" : 50,
    "errorCount" : 0,
    "errorPct" : 0.0,
    "meanResTime" : 114.5,
    "medianResTime" : 103.0,
    "minResTime" : 79.0,
    "maxResTime" : 261.0,
    "pct1ResTime" : 148.0,
    "pct2ResTime" : 196.54999999999976,
    "pct3ResTime" : 261.0,
    "throughput" : 1.7147364450084022,
    "receivedKBytesPerSec" : 712.4311292182517,
    "sentKBytesPerSec" : 0.26792756953256286
  },
  "GET /" : {
    "transaction" : "GET /",
    "sampleCount" : 100,
    "errorCount" : 0,
    "errorPct" : 0.0,
    "meanResTime" : 8.690000000000003,
    "medianResTime" : 5.0,
    "minResTime" : 4.0,
    "maxResTime" : 124.0,
    "pct1ResTime" : 9.0,
    "pct2ResTime" : 42.44999999999965,
    "pct3ResTime" : 123.44999999999972,
    "throughput" : 10.842459069717012,
    "receivedKBytesPerSec" : 1.9376660251545048,
    "sentKBytesPerSec" : 1.514132467743684
  },
  "POST /academico/cursos (asignaciones)" : {
    "transaction" : "POST /academico/cursos (asignaciones)",
    "sampleCount" : 50,
    "errorCount" : 10,
    "errorPct" : 20.0,
    "meanResTime" : 22.520000000000007,
    "medianResTime" : 17.5,
    "minResTime" : 13.0,
    "maxResTime" : 126.0,
    "pct1ResTime" : 25.9,
    "pct2ResTime" : 70.84999999999985,
    "pct3ResTime" : 126.0,
    "throughput" : 2.599563273370074,
    "receivedKBytesPerSec" : 0.6385177290215244,
    "sentKBytesPerSec" : 0.6506016364250805
  },
  "PUT /academico/asignaciones/{id}" : {
    "transaction" : "PUT /academico/asignaciones/{id}",
    "sampleCount" : 30,
    "errorCount" : 30,
    "errorPct" : 100.0,
    "meanResTime" : 16.8,
    "medianResTime" : 16.0,
    "minResTime" : 13.0,
    "maxResTime" : 25.0,
    "pct1ResTime" : 22.900000000000002,
    "pct2ResTime" : 25.0,
    "pct3ResTime" : 25.0,
    "throughput" : 1.701258931609391,
    "receivedKBytesPerSec" : 0.5249978734263355,
    "sentKBytesPerSec" : 0.40986384612112964
  }
}