{
  "GET /api/v1/health" : {
    "transaction" : "GET /api/v1/health",
    "sampleCount" : 100,
    "errorCount" : 0,
    "errorPct" : 0.0,
    "meanResTime" : 5.98,
    "medianResTime" : 5.0,
    "minResTime" : 3.0,
    "maxResTime" : 43.0,
    "pct1ResTime" : 7.900000000000006,
    "pct2ResTime" : 10.899999999999977,
    "pct3ResTime" : 43.0,
    "throughput" : 11.08770373655616,
    "receivedKBytesPerSec" : 1.7757650515578223,
    "sentKBytesPerSec" : 1.6891423661159775
  },
  "POST /academico/asignar-clase" : {
    "transaction" : "POST /academico/asignar-clase",
    "sampleCount" : 30,
    "errorCount" : 30,
    "errorPct" : 100.0,
    "meanResTime" : 24.366666666666667,
    "medianResTime" : 15.0,
    "minResTime" : 11.0,
    "maxResTime" : 158.0,
    "pct1ResTime" : 55.10000000000008,
    "pct2ResTime" : 132.69999999999996,
    "pct3ResTime" : 158.0,
    "throughput" : 1.6627868307283007,
    "receivedKBytesPerSec" : 0.4676587961423345,
    "sentKBytesPerSec" : 0.5131256235450615
  },
  "DELETE /academico/asignaciones/{id}" : {
    "transaction" : "DELETE /academico/asignaciones/{id}",
    "sampleCount" : 30,
    "errorCount" : 30,
    "errorPct" : 100.0,
    "meanResTime" : 8.766666666666666,
    "medianResTime" : 7.0,
    "minResTime" : 6.0,
    "maxResTime" : 22.0,
    "pct1ResTime" : 13.0,
    "pct2ResTime" : 21.45,
    "pct3ResTime" : 22.0,
    "throughput" : 1.678885220213778,
    "receivedKBytesPerSec" : 0.5180934859253455,
    "sentKBytesPerSec" : 0.3344654149644636
  },
  "POST /vehiculos" : {
    "transaction" : "POST /vehiculos",
    "sampleCount" : 50,
    "errorCount" : 0,
    "errorPct" : 0.0,
    "meanResTime" : 30.220000000000002,
    "medianResTime" : 17.0,
    "minResTime" : 14.0,
    "maxResTime" : 412.0,
    "pct1ResTime" : 25.799999999999997,
    "pct2ResTime" : 124.0499999999991,
    "pct3ResTime" : 412.0,
    "throughput" : 1.707008978867229,
    "receivedKBytesPerSec" : 0.5417753106756341,
    "sentKBytesPerSec" : 0.5167702963367587
  },
  "POST /academico/cursos" : {
    "transaction" : "POST /academico/cursos",
    "sampleCount" : 30,
    "errorCount" : 0,
    "errorPct" : 0.0,
    "meanResTime" : 26.63333333333333,
    "medianResTime" : 17.0,
    "minResTime" : 14.0,
    "maxResTime" : 224.0,
    "pct1ResTime" : 44.800000000000026,
    "pct2ResTime" : 128.29999999999987,
    "pct3ResTime" : 224.0,
    "throughput" : 1.5590084706126903,
    "receivedKBytesPerSec" : 0.40863073585199816,
    "sentKBytesPerSec" : 0.3949285129657538
  },
  "Total" : {
    "transaction" : "Total",
    "sampleCount" : 700,
    "errorCount" : 170,
    "errorPct" : 24.285715,
    "meanResTime" : 17.16142857142858,
    "medianResTime" : 7.0,
    "minResTime" : 3.0,
    "maxResTime" : 412.0,
    "pct1ResTime" : 30.899999999999977,
    "pct2ResTime" : 70.94999999999993,
    "pct3ResTime" : 186.8900000000001,
    "throughput" : 23.836278816358497,
    "receivedKBytesPerSec" : 667.320135856148,
    "sentKBytesPerSec" : 4.675375687421255
  },
  "GET /academico/asignaciones (list)" : {
    "transaction" : "GET /academico/asignaciones (list)",
    "sampleCount" : 30,
    "errorCount" : 30,
    "errorPct" : 100.0,
    "meanResTime" : 5.000000000000002,
    "medianResTime" : 4.0,
    "minResTime" : 3.0,
    "maxResTime" : 12.0,
    "pct1ResTime" : 10.50000000000001,
    "pct2ResTime" : 11.45,
    "pct3ResTime" : 12.0,
    "throughput" : 1.678040049222508,
    "receivedKBytesPerSec" : 0.5194713824253272,
    "sentKBytesPerSec" : 0.3031615323302383
  },
  "GET /academico/disponibilidad" : {
    "transaction" : "GET /academico/disponibilidad",
    "sampleCount" : 200,
    "errorCount" : 0,
    "errorPct" : 0.0,
    "meanResTime" : 8.895000000000001,
    "medianResTime" : 6.0,
    "minResTime" : 4.0,
    "maxResTime" : 187.0,
    "pct1ResTime" : 12.0,
    "pct2ResTime" : 18.94999999999999,
    "pct3ResTime" : 50.88000000000011,
    "throughput" : 10.37344398340249,
    "receivedKBytesPerSec" : 9.235252285399378,
    "sentKBytesPerSec" : 1.8943691649377592
  },
  "GET /vehiculos" : {
    "transaction" : "GET /vehiculos",
    "sampleCount" : 50,
    "errorCount" : 0,
    "errorPct" : 0.0,
    "meanResTime" : 78.76,
    "medianResTime" : 72.0,
    "minResTime" : 59.0,
    "maxResTime" : 217.0,
    "pct1ResTime" : 99.5,
    "pct2ResTime" : 152.8999999999998,
    "pct3ResTime" : 217.0,
    "throughput" : 1.7166203179180828,
    "receivedKBytesPerSec" : 662.9222215427267,
    "sentKBytesPerSec" : 0.26822192467470046
  },
  "GET /" : {
    "transaction" : "GET /",
    "sampleCount" : 100,
    "errorCount" : 0,
    "errorPct" : 0.0,
    "meanResTime" : 8.030000000000001,
    "medianResTime" : 5.0,
    "minResTime" : 3.0,
    "maxResTime" : 187.0,
    "pct1ResTime" : 11.0,
    "pct2ResTime" : 17.749999999999943,
    "pct3ResTime" : 185.47999999999922,
    "throughput" : 10.85894233901618,
    "receivedKBytesPerSec" : 1.9406117656640245,
    "sentKBytesPerSec" : 1.516434330546205
  },
  "POST /academico/cursos (asignaciones)" : {
    "transaction" : "POST /academico/cursos (asignaciones)",
    "sampleCount" : 50,
    "errorCount" : 50,
    "errorPct" : 100.0,
    "meanResTime" : 17.94,
    "medianResTime" : 13.0,
    "minResTime" : 10.0,
    "maxResTime" : 187.0,
    "pct1ResTime" : 18.0,
    "pct2ResTime" : 43.39999999999995,
    "pct3ResTime" : 187.0,
    "throughput" : 2.5918822248717017,
    "receivedKBytesPerSec" : 0.8470190114561195,
    "sentKBytesPerSec" : 0.6815840288217303
  },
  "PUT /academico/asignaciones/{id}" : {
    "transaction" : "PUT /academico/asignaciones/{id}",
    "sampleCount" : 30,
    "errorCount" : 30,
    "errorPct" : 100.0,
    "meanResTime" : 18.13333333333334,
    "medianResTime" : 17.0,
    "minResTime" : 14.0,
    "maxResTime" : 27.0,
    "pct1ResTime" : 26.50000000000001,
    "pct2ResTime" : 27.0,
    "pct3ResTime" : 27.0,
    "throughput" : 1.677008217340265,
    "receivedKBytesPerSec" : 0.5175142545698475,
    "sentKBytesPerSec" : 0.4040214132986752
  }
}