{
  "GET /api/v1/health" : {
    "transaction" : "GET /api/v1/health",
    "sampleCount" : 100,
    "errorCount" : 0,
    "errorPct" : 0.0,
    "meanResTime" : 6.670000000000001,
    "medianResTime" : 5.0,
    "minResTime" : 3.0,
    "maxResTime" : 48.0,
    "pct1ResTime" : 9.900000000000006,
    "pct2ResTime" : 12.949999999999989,
    "pct3ResTime" : 47.85999999999993,
    "throughput" : 11.036309458117206,
    "receivedKBytesPerSec" : 1.7675339366515836,
    "sentKBytesPerSec" : 1.6813127690100431
  },
  "POST /academico/asignar-clase" : {
    "transaction" : "POST /academico/asignar-clase",
    "sampleCount" : 30,
    "errorCount" : 30,
    "errorPct" : 100.0,
    "meanResTime" : 48.3,
    "medianResTime" : 18.0,
    "minResTime" : 12.0,
    "maxResTime" : 355.0,
    "pct1ResTime" : 217.2000000000004,
    "pct2ResTime" : 339.04999999999995,
    "pct3ResTime" : 355.0,
    "throughput" : 1.7085255424568597,
    "receivedKBytesPerSec" : 0.4805228088159918,
    "sentKBytesPerSec" : 0.5033810118742524
  },
  "DELETE /academico/asignaciones/{id}" : {
    "transaction" : "DELETE /academico/asignaciones/{id}",
    "sampleCount" : 30,
    "errorCount" : 30,
    "errorPct" : 100.0,
    "meanResTime" : 9.400000000000004,
    "medianResTime" : 8.0,
    "minResTime" : 6.0,
    "maxResTime" : 19.0,
    "pct1ResTime" : 16.50000000000001,
    "pct2ResTime" : 18.45,
    "pct3ResTime" : 19.0,
    "throughput" : 1.7337031900138697,
    "receivedKBytesPerSec" : 0.5350099687933426,
    "sentKBytesPerSec" : 0.3453861823855756
  },
  "POST /vehiculos" : {
    "transaction" : "POST /vehiculos",
    "sampleCount" : 50,
    "errorCount" : 0,
    "errorPct" : 0.0,
    "meanResTime" : 25.000000000000004,
    "medianResTime" : 20.0,
    "minResTime" : 13.0,
    "maxResTime" : 214.0,
    "pct1ResTime" : 28.9,
    "pct2ResTime" : 37.749999999999936,
    "pct3ResTime" : 214.0,
    "throughput" : 1.7109810765492934,
    "receivedKBytesPerSec" : 0.5430359862094926,
    "sentKBytesPerSec" : 0.5179727868459775
  },
  "POST /academico/cursos" : {
    "transaction" : "POST /academico/cursos",
    "sampleCount" : 30,
    "errorCount" : 0,
    "errorPct" : 0.0,
    "meanResTime" : 33.93333333333334,
    "medianResTime" : 19.0,
    "minResTime" : 14.0,
    "maxResTime" : 212.0,
    "pct1ResTime" : 76.00000000000003,
    "pct2ResTime" : 153.69999999999993,
    "pct3ResTime" : 212.0,
    "throughput" : 1.5649452269170578,
    "receivedKBytesPerSec" : 0.4117150821596244,
    "sentKBytesPerSec" : 0.3964324139280125
  },
  "Total" : {
    "transaction" : "Total",
    "sampleCount" : 700,
    "errorCount" : 99,
    "errorPct" : 14.142858,
    "meanResTime" : 22.801428571428584,
    "medianResTime" : 10.0,
    "minResTime" : 3.0,
    "maxResTime" : 355.0,
    "pct1ResTime" : 46.89999999999998,
    "pct2ResTime" : 112.89999999999986,
    "pct3ResTime" : 213.98000000000002,
    "throughput" : 23.875302704730718,
    "receivedKBytesPerSec" : 734.8017776974829,
    "sentKBytesPerSec" : 4.64709051724138
  },
  "GET /academico/asignaciones (list)" : {
    "transaction" : "GET /academico/asignaciones (list)",
    "sampleCount" : 30,
    "errorCount" : 0,
    "errorPct" : 0.0,
    "meanResTime" : 10.166666666666666,
    "medianResTime" : 8.5,
    "minResTime" : 6.0,
    "maxResTime" : 39.0,
    "pct1ResTime" : 16.60000000000001,
    "pct2ResTime" : 29.649999999999988,
    "pct3ResTime" : 39.0,
    "throughput" : 1.7310022503029254,
    "receivedKBytesPerSec" : 0.3765155285326871,
    "sentKBytesPerSec" : 0.31272989873636836
  },
  "GET /academico/disponibilidad" : {
    "transaction" : "GET /academico/disponibilidad",
    "sampleCount" : 200,
    "errorCount" : 0,
    "errorPct" : 0.0,
    "meanResTime" : 10.579999999999997,
    "medianResTime" : 8.0,
    "minResTime" : 5.0,
    "maxResTime" : 178.0,
    "pct1ResTime" : 13.0,
    "pct2ResTime" : 19.0,
    "pct3ResTime" : 48.87000000000012,
    "throughput" : 10.414496979795874,
    "receivedKBytesPerSec" : 9.274597740054155,
    "sentKBytesPerSec" : 1.9018661476775671
  },
  "GET /vehiculos" : {
    "transaction" : "GET /vehiculos",
    "sampleCount" : 50,
    "errorCount" : 0,
    "errorPct" : 0.0,
    "meanResTime" : 122.02,
    "medianResTime" : 115.0,
    "minResTime" : 85.0,
    "maxResTime" : 267.0,
    "pct1ResTime" : 150.9,
    "pct2ResTime" : 198.4999999999999,
    "pct3ResTime" : 267.0,
    "throughput" : 1.7208149779735682,
    "receivedKBytesPerSec" : 731.7614450328675,
    "sentKBytesPerSec" : 0.26887734030837
  },
  "GET /" : {
    "transaction" : "GET /",
    "sampleCount" : 100,
    "errorCount" : 0,
    "errorPct" : 0.0,
    "meanResTime" : 9.52,
    "medianResTime" : 6.0,
    "minResTime" : 3.0,
    "maxResTime" : 152.0,
    "pct1ResTime" : 12.800000000000011,
    "pct2ResTime" : 26.799999999999955,
    "pct3ResTime" : 151.27999999999963,
    "throughput" : 10.854227721697603,
    "receivedKBytesPerSec" : 1.9397692119830676,
    "sentKBytesPerSec" : 1.5157759416042549
  },
  "POST /academico/cursos (asignaciones)" : {
    "transaction" : "POST /academico/cursos (asignaciones)",
    "sampleCount" : 50,
    "errorCount" : 9,
    "errorPct" : 18.0,
    "meanResTime" : 23.779999999999994,
    "medianResTime" : 18.0,
    "minResTime" : 13.0,
    "maxResTime" : 234.0,
    "pct1ResTime" : 32.999999999999986,
    "pct2ResTime" : 43.14999999999997,
    "pct3ResTime" : 234.0,
    "throughput" : 2.601186140880241,
    "receivedKBytesPerSec" : 0.6428282859483925,
    "sentKBytesPerSec" : 0.6510077970554572
  },
  "PUT /academico/asignaciones/{id}" : {
    "transaction" : "PUT /academico/asignaciones/{id}",
    "sampleCount" : 30,
    "errorCount" : 30,
    "errorPct" : 100.0,
    "meanResTime" : 21.066666666666666,
    "medianResTime" : 17.0,
    "minResTime" : 11.0,
    "maxResTime" : 74.0,
    "pct1ResTime" : 34.900000000000006,
    "pct2ResTime" : 67.39999999999999,
    "pct3ResTime" : 74.0,
    "throughput" : 1.7310022503029254,
    "receivedKBytesPerSec" : 0.5341764756794184,
    "sentKBytesPerSec" : 0.41702954604465986
  }
}