{
  "GET /api/v1/health" : {
    "transaction" : "GET /api/v1/health",
    "sampleCount" : 100,
    "errorCount" : 0,
    "errorPct" : 0.0,
    "meanResTime" : 6.83,
    "medianResTime" : 5.0,
    "minResTime" : 4.0,
    "maxResTime" : 52.0,
    "pct1ResTime" : 9.900000000000006,
    "pct2ResTime" : 13.899999999999977,
    "pct3ResTime" : 51.81999999999991,
    "throughput" : 11.096316023080337,
    "receivedKBytesPerSec" : 1.7771443630714603,
    "sentKBytesPerSec" : 1.690454394141145
  },
  "POST /academico/asignar-clase" : {
    "transaction" : "POST /academico/asignar-clase",
    "sampleCount" : 30,
    "errorCount" : 30,
    "errorPct" : 100.0,
    "meanResTime" : 36.400000000000006,
    "medianResTime" : 21.0,
    "minResTime" : 16.0,
    "maxResTime" : 170.0,
    "pct1ResTime" : 150.30000000000024,
    "pct2ResTime" : 167.8,
    "pct3ResTime" : 170.0,
    "throughput" : 1.711644890740001,
    "receivedKBytesPerSec" : 0.4814001255206253,
    "sentKBytesPerSec" : 0.5043000620471273
  },
  "DELETE /academico/asignaciones/{id}" : {
    "transaction" : "DELETE /academico/asignaciones/{id}",
    "sampleCount" : 30,
    "errorCount" : 30,
    "errorPct" : 100.0,
    "meanResTime" : 8.433333333333334,
    "medianResTime" : 8.0,
    "minResTime" : 6.0,
    "maxResTime" : 15.0,
    "pct1ResTime" : 11.0,
    "pct2ResTime" : 13.349999999999998,
    "pct3ResTime" : 15.0,
    "throughput" : 1.7309023771059313,
    "receivedKBytesPerSec" : 0.5341456554350335,
    "sentKBytesPerSec" : 0.3448282079390722
  },
  "POST /vehiculos" : {
    "transaction" : "POST /vehiculos",
    "sampleCount" : 50,
    "errorCount" : 0,
    "errorPct" : 0.0,
    "meanResTime" : 23.64,
    "medianResTime" : 19.0,
    "minResTime" : 14.0,
    "maxResTime" : 240.0,
    "pct1ResTime" : 23.799999999999997,
    "pct2ResTime" : 27.799999999999983,
    "pct3ResTime" : 240.0,
    "throughput" : 1.7106298539122105,
    "receivedKBytesPerSec" : 0.5429245141811215,
    "sentKBytesPerSec" : 0.5178664596804543
  },
  "POST /academico/cursos" : {
    "transaction" : "POST /academico/cursos",
    "sampleCount" : 30,
    "errorCount" : 0,
    "errorPct" : 0.0,
    "meanResTime" : 28.866666666666667,
    "medianResTime" : 19.0,
    "minResTime" : 15.0,
    "maxResTime" : 221.0,
    "pct1ResTime" : 47.400000000000034,
    "pct2ResTime" : 137.3999999999999,
    "pct3ResTime" : 221.0,
    "throughput" : 1.563640154279162,
    "receivedKBytesPerSec" : 0.4113717359011779,
    "sentKBytesPerSec" : 0.3961018125195455
  },
  "Total" : {
    "transaction" : "Total",
    "sampleCount" : 700,
    "errorCount" : 130,
    "errorPct" : 18.571428,
    "meanResTime" : 21.462857142857146,
    "medianResTime" : 9.0,
    "minResTime" : 4.0,
    "maxResTime" : 272.0,
    "pct1ResTime" : 49.0,
    "pct2ResTime" : 104.89999999999986,
    "pct3ResTime" : 205.0,
    "throughput" : 23.862280552241348,
    "receivedKBytesPerSec" : 701.199871900034,
    "sentKBytesPerSec" : 4.643557184250895
  },
  "GET /academico/asignaciones (list)" : {
    "transaction" : "GET /academico/asignaciones (list)",
    "sampleCount" : 30,
    "errorCount" : 30,
    "errorPct" : 100.0,
    "meanResTime" : 8.066666666666665,
    "medianResTime" : 5.0,
    "minResTime" : 4.0,
    "maxResTime" : 49.0,
    "pct1ResTime" : 12.0,
    "pct2ResTime" : 37.44999999999999,
    "pct3ResTime" : 49.0,
    "throughput" : 1.7291066282420748,
    "receivedKBytesPerSec" : 0.5335914985590777,
    "sentKBytesPerSec" : 0.31069884726224783
  },
  "GET /academico/disponibilidad" : {
    "transaction" : "GET /academico/disponibilidad",
    "sampleCount" : 200,
    "errorCount" : 0,
    "errorPct" : 0.0,
    "meanResTime" : 10.069999999999991,
    "medianResTime" : 8.0,
    "minResTime" : 5.0,
    "maxResTime" : 205.0,
    "pct1ResTime" : 12.0,
    "pct2ResTime" : 14.899999999999977,
    "pct3ResTime" : 59.850000000000136,
    "throughput" : 10.403120936280885,
    "receivedKBytesPerSec" : 9.261774626137841,
    "sentKBytesPerSec" : 1.8997886866059817
  },
  "GET /vehiculos" : {
    "transaction" : "GET /vehiculos",
    "sampleCount" : 50,
    "errorCount" : 0,
    "errorPct" : 0.0,
    "meanResTime" : 115.36,
    "medianResTime" : 106.0,
    "minResTime" : 81.0,
    "maxResTime" : 272.0,
    "pct1ResTime" : 140.8,
    "pct2ResTime" : 237.39999999999995,
    "pct3ResTime" : 272.0,
    "throughput" : 1.7202229408931395,
    "receivedKBytesPerSec" : 697.9115821535471,
    "sentKBytesPerSec" : 0.2687848345145531
  },
  "GET /" : {
    "transaction" : "GET /",
    "sampleCount" : 100,
    "errorCount" : 0,
    "errorPct" : 0.0,
    "meanResTime" : 10.100000000000001,
    "medianResTime" : 6.0,
    "minResTime" : 4.0,
    "maxResTime" : 205.0,
    "pct1ResTime" : 16.0,
    "pct2ResTime" : 27.799999999999955,
    "pct3ResTime" : 203.69999999999933,
    "throughput" : 10.848340203948796,
    "receivedKBytesPerSec" : 1.9387170481666305,
    "sentKBytesPerSec" : 1.5149537589498807
  },
  "POST /academico/cursos (asignaciones)" : {
    "transaction" : "POST /academico/cursos (asignaciones)",
    "sampleCount" : 50,
    "errorCount" : 10,
    "errorPct" : 20.0,
    "meanResTime" : 26.00000000000001,
    "medianResTime" : 18.0,
    "minResTime" : 14.0,
    "maxResTime" : 242.0,
    "pct1ResTime" : 47.39999999999998,
    "pct2ResTime" : 56.599999999999966,
    "pct3ResTime" : 242.0,
    "throughput" : 2.5983474510211506,
    "receivedKBytesPerSec" : 0.6383205906043756,
    "sentKBytesPerSec" : 0.6502973483864263
  },
  "PUT /academico/asignaciones/{id}" : {
    "transaction" : "PUT /academico/asignaciones/{id}",
    "sampleCount" : 30,
    "errorCount" : 30,
    "errorPct" : 100.0,
    "meanResTime" : 20.46666666666667,
    "medianResTime" : 15.5,
    "minResTime" : 11.0,
    "maxResTime" : 67.0,
    "pct1ResTime" : 42.90000000000002,
    "pct2ResTime" : 59.29999999999999,
    "pct3ResTime" : 67.0,
    "throughput" : 1.7290069736614604,
    "receivedKBytesPerSec" : 0.5335607457783413,
    "sentKBytesPerSec" : 0.4165488480491038
  }
}