{
  "GET /api/v1/health" : {
    "transaction" : "GET /api/v1/health",
    "sampleCount" : 100,
    "errorCount" : 0,
    "errorPct" : 0.0,
    "meanResTime" : 8.47,
    "medianResTime" : 5.5,
    "minResTime" : 4.0,
    "maxResTime" : 79.0,
    "pct1ResTime" : 15.600000000000023,
    "pct2ResTime" : 29.699999999999932,
    "pct3ResTime" : 78.66999999999983,
    "throughput" : 10.974539069359086,
    "receivedKBytesPerSec" : 1.7576410228270412,
    "sentKBytesPerSec" : 1.6719024363476733
  },
  "POST /academico/asignar-clase" : {
    "transaction" : "POST /academico/asignar-clase",
    "sampleCount" : 30,
    "errorCount" : 30,
    "errorPct" : 100.0,
    "meanResTime" : 18.400000000000002,
    "medianResTime" : 16.0,
    "minResTime" : 12.0,
    "maxResTime" : 43.0,
    "pct1ResTime" : 27.700000000000006,
    "pct2ResTime" : 35.29999999999999,
    "pct3ResTime" : 43.0,
    "throughput" : 1.7639795378373613,
    "receivedKBytesPerSec" : 0.49611924501675775,
    "sentKBytesPerSec" : 0.5386683608220144
  },
  "DELETE /academico/asignaciones/{id}" : {
    "transaction" : "DELETE /academico/asignaciones/{id}",
    "sampleCount" : 30,
    "errorCount" : 30,
    "errorPct" : 100.0,
    "meanResTime" : 10.76666666666667,
    "medianResTime" : 8.5,
    "minResTime" : 6.0,
    "maxResTime" : 48.0,
    "pct1ResTime" : 15.0,
    "pct2ResTime" : 33.14999999999998,
    "pct3ResTime" : 48.0,
    "throughput" : 1.7745179226310186,
    "receivedKBytesPerSec" : 0.547605140186916,
    "sentKBytesPerSec" : 0.3535172423991483
  },
  "POST /vehiculos" : {
    "transaction" : "POST /vehiculos",
    "sampleCount" : 50,
    "errorCount" : 0,
    "errorPct" : 0.0,
    "meanResTime" : 25.280000000000005,
    "medianResTime" : 19.5,
    "minResTime" : 14.0,
    "maxResTime" : 223.0,
    "pct1ResTime" : 32.9,
    "pct2ResTime" : 41.24999999999998,
    "pct3ResTime" : 223.0,
    "throughput" : 1.7059606264287421,
    "receivedKBytesPerSec" : 0.541442581630216,
    "sentKBytesPerSec" : 0.5164529240165137
  },
  "POST /academico/cursos" : {
    "transaction" : "POST /academico/cursos",
    "sampleCount" : 30,
    "errorCount" : 1,
    "errorPct" : 3.3333333,
    "meanResTime" : 38.23333333333335,
    "medianResTime" : 20.0,
    "minResTime" : 16.0,
    "maxResTime" : 417.0,
    "pct1ResTime" : 57.10000000000004,
    "pct2ResTime" : 231.09999999999977,
    "pct3ResTime" : 417.0,
    "throughput" : 1.5591705212826776,
    "receivedKBytesPerSec" : 0.406338515409802,
    "sentKBytesPerSec" : 0.3949695636921158
  },
  "Total" : {
    "transaction" : "Total",
    "sampleCount" : 700,
    "errorCount" : 98,
    "errorPct" : 14.0,
    "meanResTime" : 24.942857142857147,
    "medianResTime" : 11.0,
    "minResTime" : 4.0,
    "maxResTime" : 465.0,
    "pct1ResTime" : 52.69999999999993,
    "pct2ResTime" : 104.94999999999993,
    "pct3ResTime" : 222.99,
    "throughput" : 23.799809601523187,
    "receivedKBytesPerSec" : 749.1198254007718,
    "sentKBytesPerSec" : 4.643353478172175
  },
  "GET /academico/asignaciones (list)" : {
    "transaction" : "GET /academico/asignaciones (list)",
    "sampleCount" : 30,
    "errorCount" : 0,
    "errorPct" : 0.0,
    "meanResTime" : 14.466666666666665,
    "medianResTime" : 8.0,
    "minResTime" : 5.0,
    "maxResTime" : 65.0,
    "pct1ResTime" : 58.10000000000008,
    "pct2ResTime" : 64.45,
    "pct3ResTime" : 65.0,
    "throughput" : 1.7657445556209534,
    "receivedKBytesPerSec" : 0.44919575853443205,
    "sentKBytesPerSec" : 0.3190065847557387
  },
  "GET /academico/disponibilidad" : {
    "transaction" : "GET /academico/disponibilidad",
    "sampleCount" : 200,
    "errorCount" : 0,
    "errorPct" : 0.0,
    "meanResTime" : 12.225000000000007,
    "medianResTime" : 8.0,
    "minResTime" : 5.0,
    "maxResTime" : 162.0,
    "pct1ResTime" : 21.900000000000006,
    "pct2ResTime" : 28.94999999999999,
    "pct3ResTime" : 83.97000000000003,
    "throughput" : 10.370754472387866,
    "receivedKBytesPerSec" : 9.23569362522686,
    "sentKBytesPerSec" : 1.8938780140005185
  },
  "GET /vehiculos" : {
    "transaction" : "GET /vehiculos",
    "sampleCount" : 50,
    "errorCount" : 0,
    "errorPct" : 0.0,
    "meanResTime" : 136.24,
    "medianResTime" : 109.0,
    "minResTime" : 79.0,
    "maxResTime" : 465.0,
    "pct1ResTime" : 219.29999999999995,
    "pct2ResTime" : 339.99999999999966,
    "pct3ResTime" : 465.0,
    "throughput" : 1.716148961729878,
    "receivedKBytesPerSec" : 746.53652983954,
    "sentKBytesPerSec" : 0.26814827527029345
  },
  "GET /" : {
    "transaction" : "GET /",
    "sampleCount" : 100,
    "errorCount" : 0,
    "errorPct" : 0.0,
    "meanResTime" : 12.479999999999997,
    "medianResTime" : 6.0,
    "minResTime" : 4.0,
    "maxResTime" : 140.0,
    "pct1ResTime" : 25.0,
    "pct2ResTime" : 46.799999999999955,
    "pct3ResTime" : 139.55999999999977,
    "throughput" : 10.807305738679347,
    "receivedKBytesPerSec" : 1.9313837404085161,
    "sentKBytesPerSec" : 1.509223359991354
  },
  "POST /academico/cursos (asignaciones)" : {
    "transaction" : "POST /academico/cursos (asignaciones)",
    "sampleCount" : 50,
    "errorCount" : 7,
    "errorPct" : 14.0,
    "meanResTime" : 29.599999999999994,
    "medianResTime" : 20.0,
    "minResTime" : 14.0,
    "maxResTime" : 249.0,
    "pct1ResTime" : 40.9,
    "pct2ResTime" : 61.09999999999992,
    "pct3ResTime" : 249.0,
    "throughput" : 2.589868434683518,
    "receivedKBytesPerSec" : 0.6475176920387444,
    "sentKBytesPerSec" : 0.6481752758209882
  },
  "PUT /academico/asignaciones/{id}" : {
    "transaction" : "PUT /academico/asignaciones/{id}",
    "sampleCount" : 30,
    "errorCount" : 30,
    "errorPct" : 100.0,
    "meanResTime" : 30.266666666666662,
    "medianResTime" : 23.5,
    "minResTime" : 17.0,
    "maxResTime" : 87.0,
    "pct1ResTime" : 53.20000000000002,
    "pct2ResTime" : 72.69999999999999,
    "pct3ResTime" : 87.0,
    "throughput" : 1.7664723547076486,
    "receivedKBytesPerSec" : 0.5451223282105635,
    "sentKBytesPerSec" : 0.42557493154919623
  }
}