{
  "GET /api/v1/health" : {
    "transaction" : "GET /api/v1/health",
    "sampleCount" : 100,
    "errorCount" : 0,
    "errorPct" : 0.0,
    "meanResTime" : 6.9300000000000015,
    "medianResTime" : 5.0,
    "minResTime" : 3.0,
    "maxResTime" : 43.0,
    "pct1ResTime" : 10.0,
    "pct2ResTime" : 13.0,
    "pct3ResTime" : 42.97999999999999,
    "throughput" : 11.077877478675086,
    "receivedKBytesPerSec" : 1.774191314944057,
    "sentKBytesPerSec" : 1.6876453971419076
  },
  "POST /academico/asignar-clase" : {
    "transaction" : "POST /academico/asignar-clase",
    "sampleCount" : 30,
    "errorCount" : 30,
    "errorPct" : 100.0,
    "meanResTime" : 55.699999999999996,
    "medianResTime" : 22.5,
    "minResTime" : 12.0,
    "maxResTime" : 344.0,
    "pct1ResTime" : 310.4000000000006,
    "pct2ResTime" : 341.8,
    "pct3ResTime" : 344.0,
    "throughput" : 1.6922382671480145,
    "receivedKBytesPerSec" : 0.475942012635379,
    "sentKBytesPerSec" : 0.5222141527527075
  },
  "DELETE /academico/asignaciones/{id}" : {
    "transaction" : "DELETE /academico/asignaciones/{id}",
    "sampleCount" : 30,
    "errorCount" : 30,
    "errorPct" : 100.0,
    "meanResTime" : 8.799999999999999,
    "medianResTime" : 8.5,
    "minResTime" : 6.0,
    "maxResTime" : 14.0,
    "pct1ResTime" : 11.900000000000002,
    "pct2ResTime" : 13.45,
    "pct3ResTime" : 14.0,
    "throughput" : 1.7273146015660985,
    "receivedKBytesPerSec" : 0.5330384903270383,
    "sentKBytesPerSec" : 0.3441134557807462
  },
  "POST /vehiculos" : {
    "transaction" : "POST /vehiculos",
    "sampleCount" : 50,
    "errorCount" : 0,
    "errorPct" : 0.0,
    "meanResTime" : 23.92,
    "medianResTime" : 20.0,
    "minResTime" : 14.0,
    "maxResTime" : 204.0,
    "pct1ResTime" : 26.0,
    "pct2ResTime" : 29.799999999999983,
    "pct3ResTime" : 204.0,
    "throughput" : 1.7098108949150226,
    "receivedKBytesPerSec" : 0.5426645906712718,
    "sentKBytesPerSec" : 0.51761853264029
  },
  "POST /academico/cursos" : {
    "transaction" : "POST /academico/cursos",
    "sampleCount" : 30,
    "errorCount" : 1,
    "errorPct" : 3.3333333,
    "meanResTime" : 28.100000000000012,
    "medianResTime" : 20.5,
    "minResTime" : 13.0,
    "maxResTime" : 202.0,
    "pct1ResTime" : 45.800000000000004,
    "pct2ResTime" : 117.2999999999999,
    "pct3ResTime" : 202.0,
    "throughput" : 1.5621745469693813,
    "receivedKBytesPerSec" : 0.40701969641741303,
    "sentKBytesPerSec" : 0.3957305444178296
  },
  "Total" : {
    "transaction" : "Total",
    "sampleCount" : 700,
    "errorCount" : 100,
    "errorPct" : 14.285714,
    "meanResTime" : 22.242857142857154,
    "medianResTime" : 9.0,
    "minResTime" : 3.0,
    "maxResTime" : 344.0,
    "pct1ResTime" : 42.799999999999955,
    "pct2ResTime" : 104.94999999999993,
    "pct3ResTime" : 201.8800000000001,
    "throughput" : 23.86309402059044,
    "receivedKBytesPerSec" : 684.4079182859481,
    "sentKBytesPerSec" : 4.6606939686029865
  },
  "GET /academico/asignaciones (list)" : {
    "transaction" : "GET /academico/asignaciones (list)",
    "sampleCount" : 30,
    "errorCount" : 0,
    "errorPct" : 0.0,
    "meanResTime" : 11.966666666666667,
    "medianResTime" : 9.5,
    "minResTime" : 6.0,
    "maxResTime" : 41.0,
    "pct1ResTime" : 25.0,
    "pct2ResTime" : 32.749999999999986,
    "pct3ResTime" : 41.0,
    "throughput" : 1.7241379310344827,
    "receivedKBytesPerSec" : 0.24414062500000003,
    "sentKBytesPerSec" : 0.3143521012931035
  },
  "GET /academico/disponibilidad" : {
    "transaction" : "GET /academico/disponibilidad",
    "sampleCount" : 200,
    "errorCount" : 0,
    "errorPct" : 0.0,
    "meanResTime" : 10.774999999999999,
    "medianResTime" : 8.0,
    "minResTime" : 5.0,
    "maxResTime" : 190.0,
    "pct1ResTime" : 12.0,
    "pct2ResTime" : 15.0,
    "pct3ResTime" : 112.44000000000051,
    "throughput" : 10.39176971838304,
    "receivedKBytesPerSec" : 9.25273433440715,
    "sentKBytesPerSec" : 1.897715759118778
  },
  "GET /vehiculos" : {
    "transaction" : "GET /vehiculos",
    "sampleCount" : 50,
    "errorCount" : 0,
    "errorPct" : 0.0,
    "meanResTime" : 111.86000000000001,
    "medianResTime" : 104.5,
    "minResTime" : 80.0,
    "maxResTime" : 273.0,
    "pct1ResTime" : 144.29999999999998,
    "pct2ResTime" : 175.7999999999999,
    "pct3ResTime" : 273.0,
    "throughput" : 1.7190991920233798,
    "receivedKBytesPerSec" : 680.6675879963899,
    "sentKBytesPerSec" : 0.26860924875365305
  },
  "GET /" : {
    "transaction" : "GET /",
    "sampleCount" : 100,
    "errorCount" : 0,
    "errorPct" : 0.0,
    "meanResTime" : 10.73,
    "medianResTime" : 6.0,
    "minResTime" : 4.0,
    "maxResTime" : 190.0,
    "pct1ResTime" : 11.900000000000006,
    "pct2ResTime" : 19.94999999999999,
    "pct3ResTime" : 189.98,
    "throughput" : 10.850694444444445,
    "receivedKBytesPerSec" : 1.9391377766927085,
    "sentKBytesPerSec" : 1.5152825249565973
  },
  "POST /academico/cursos (asignaciones)" : {
    "transaction" : "POST /academico/cursos (asignaciones)",
    "sampleCount" : 50,
    "errorCount" : 9,
    "errorPct" : 18.0,
    "meanResTime" : 23.160000000000004,
    "medianResTime" : 17.5,
    "minResTime" : 14.0,
    "maxResTime" : 222.0,
    "pct1ResTime" : 27.0,
    "pct2ResTime" : 28.89999999999999,
    "pct3ResTime" : 222.0,
    "throughput" : 2.595514950166113,
    "receivedKBytesPerSec" : 0.6412746898359635,
    "sentKBytesPerSec" : 0.6495884486607143
  },
  "PUT /academico/asignaciones/{id}" : {
    "transaction" : "PUT /academico/asignaciones/{id}",
    "sampleCount" : 30,
    "errorCount" : 30,
    "errorPct" : 100.0,
    "meanResTime" : 18.83333333333334,
    "medianResTime" : 17.0,
    "minResTime" : 12.0,
    "maxResTime" : 37.0,
    "pct1ResTime" : 29.800000000000004,
    "pct2ResTime" : 34.25,
    "pct3ResTime" : 37.0,
    "throughput" : 1.7249310027598896,
    "receivedKBytesPerSec" : 0.5323029266329347,
    "sentKBytesPerSec" : 0.41556687341881327
  }
}