{
  "GET /api/v1/health" : {
    "transaction" : "GET /api/v1/health",
    "sampleCount" : 100,
    "errorCount" : 0,
    "errorPct" : 0.0,
    "meanResTime" : 7.039999999999998,
    "medianResTime" : 5.0,
    "minResTime" : 3.0,
    "maxResTime" : 82.0,
    "pct1ResTime" : 8.900000000000006,
    "pct2ResTime" : 11.899999999999977,
    "pct3ResTime" : 81.90999999999995,
    "throughput" : 10.957703265395573,
    "receivedKBytesPerSec" : 1.7549446635985098,
    "sentKBytesPerSec" : 1.669337606837607
  },
  "POST /academico/asignar-clase" : {
    "transaction" : "POST /academico/asignar-clase",
    "sampleCount" : 30,
    "errorCount" : 30,
    "errorPct" : 100.0,
    "meanResTime" : 12.733333333333336,
    "medianResTime" : 12.0,
    "minResTime" : 7.0,
    "maxResTime" : 19.0,
    "pct1ResTime" : 18.800000000000004,
    "pct2ResTime" : 19.0,
    "pct3ResTime" : 19.0,
    "throughput" : 1.69664065151001,
    "receivedKBytesPerSec" : 0.4771801832371904,
    "sentKBytesPerSec" : 0.5181050114523245
  },
  "DELETE /academico/asignaciones/{id}" : {
    "transaction" : "DELETE /academico/asignaciones/{id}",
    "sampleCount" : 30,
    "errorCount" : 30,
    "errorPct" : 100.0,
    "meanResTime" : 8.533333333333335,
    "medianResTime" : 7.0,
    "minResTime" : 6.0,
    "maxResTime" : 29.0,
    "pct1ResTime" : 12.800000000000004,
    "pct2ResTime" : 21.29999999999999,
    "pct3ResTime" : 29.0,
    "throughput" : 1.701258931609391,
    "receivedKBytesPerSec" : 0.5249978734263355,
    "sentKBytesPerSec" : 0.3389226777815583
  },
  "POST /vehiculos" : {
    "transaction" : "POST /vehiculos",
    "sampleCount" : 50,
    "errorCount" : 0,
    "errorPct" : 0.0,
    "meanResTime" : 20.38,
    "medianResTime" : 17.0,
    "minResTime" : 14.0,
    "maxResTime" : 165.0,
    "pct1ResTime" : 23.9,
    "pct2ResTime" : 25.449999999999996,
    "pct3ResTime" : 165.0,
    "throughput" : 1.7078252553198758,
    "receivedKBytesPerSec" : 0.5420343827919527,
    "sentKBytesPerSec" : 0.517017411278478
  },
  "POST /academico/cursos" : {
    "transaction" : "POST /academico/cursos",
    "sampleCount" : 30,
    "errorCount" : 1,
    "errorPct" : 3.3333333,
    "meanResTime" : 23.666666666666664,
    "medianResTime" : 16.5,
    "minResTime" : 13.0,
    "maxResTime" : 181.0,
    "pct1ResTime" : 31.800000000000026,
    "pct2ResTime" : 107.84999999999991,
    "pct3ResTime" : 181.0,
    "throughput" : 1.5601435332050548,
    "receivedKBytesPerSec" : 0.4065920939726455,
    "sentKBytesPerSec" : 0.3952160473763586
  },
  "Total" : {
    "transaction" : "Total",
    "sampleCount" : 681,
    "errorCount" : 91,
    "errorPct" : 13.362702,
    "meanResTime" : 17.26138032305434,
    "medianResTime" : 7.0,
    "minResTime" : 3.0,
    "maxResTime" : 264.0,
    "pct1ResTime" : 27.0,
    "pct2ResTime" : 83.0,
    "pct3ResTime" : 165.0,
    "throughput" : 23.199563943585204,
    "receivedKBytesPerSec" : 767.1112686409859,
    "sentKBytesPerSec" : 4.490610574793895
  },
  "GET /academico/asignaciones (list)" : {
    "transaction" : "GET /academico/asignaciones (list)",
    "sampleCount" : 30,
    "errorCount" : 0,
    "errorPct" : 0.0,
    "meanResTime" : 8.700000000000003,
    "medianResTime" : 7.0,
    "minResTime" : 5.0,
    "maxResTime" : 27.0,
    "pct1ResTime" : 16.400000000000013,
    "pct2ResTime" : 25.349999999999998,
    "pct3ResTime" : 27.0,
    "throughput" : 1.697985057731492,
    "receivedKBytesPerSec" : 0.47816629994906046,
    "sentKBytesPerSec" : 0.30676487859406837
  },
  "GET /academico/disponibilidad" : {
    "transaction" : "GET /academico/disponibilidad",
    "sampleCount" : 200,
    "errorCount" : 0,
    "errorPct" : 0.0,
    "meanResTime" : 8.515,
    "medianResTime" : 7.0,
    "minResTime" : 5.0,
    "maxResTime" : 134.0,
    "pct1ResTime" : 12.0,
    "pct2ResTime" : 17.0,
    "pct3ResTime" : 31.950000000000045,
    "throughput" : 10.383676859976118,
    "receivedKBytesPerSec" : 9.247810098774726,
    "sentKBytesPerSec" : 1.89623786407767
  },
  "GET /vehiculos" : {
    "transaction" : "GET /vehiculos",
    "sampleCount" : 50,
    "errorCount" : 0,
    "errorPct" : 0.0,
    "meanResTime" : 96.93999999999998,
    "medianResTime" : 84.0,
    "minResTime" : 69.0,
    "maxResTime" : 264.0,
    "pct1ResTime" : 153.79999999999995,
    "pct2ResTime" : 185.94999999999996,
    "pct3ResTime" : 264.0,
    "throughput" : 1.7152658662092624,
    "receivedKBytesPerSec" : 762.9030204759863,
    "sentKBytesPerSec" : 0.2680102915951973
  },
  "GET /" : {
    "transaction" : "GET /",
    "sampleCount" : 100,
    "errorCount" : 0,
    "errorPct" : 0.0,
    "meanResTime" : 7.1499999999999995,
    "medianResTime" : 5.0,
    "minResTime" : 3.0,
    "maxResTime" : 128.0,
    "pct1ResTime" : 9.0,
    "pct2ResTime" : 15.849999999999966,
    "pct3ResTime" : 127.0199999999995,
    "throughput" : 10.807305738679347,
    "receivedKBytesPerSec" : 1.9313837404085161,
    "sentKBytesPerSec" : 1.509223359991354
  },
  "POST /academico/cursos (asignaciones)" : {
    "transaction" : "POST /academico/cursos (asignaciones)",
    "sampleCount" : 31,
    "errorCount" : 0,
    "errorPct" : 0.0,
    "meanResTime" : 21.290322580645164,
    "medianResTime" : 15.0,
    "minResTime" : 13.0,
    "maxResTime" : 165.0,
    "pct1ResTime" : 24.0,
    "pct2ResTime" : 80.9999999999998,
    "pct3ResTime" : 165.0,
    "throughput" : 1.6081340457540074,
    "receivedKBytesPerSec" : 0.4182951995901852,
    "sentKBytesPerSec" : 0.4025907655496187
  },
  "PUT /academico/asignaciones/{id}" : {
    "transaction" : "PUT /academico/asignaciones/{id}",
    "sampleCount" : 30,
    "errorCount" : 30,
    "errorPct" : 100.0,
    "meanResTime" : 16.6,
    "medianResTime" : 13.0,
    "minResTime" : 11.0,
    "maxResTime" : 41.0,
    "pct1ResTime" : 36.30000000000001,
    "pct2ResTime" : 39.9,
    "pct3ResTime" : 41.0,
    "throughput" : 1.697792869269949,
    "receivedKBytesPerSec" : 0.5239282682512733,
    "sentKBytesPerSec" : 0.4090288094227504
  }
}